,Pollster,State,MoE,Obama (D),Romney (R),Sample,Spread,obama_spread,poll_date
0,Rasmussen Reports,WA,4.5,52.0,41.0,500.0,Obama +11,11.0,2012-09-26
1,Gravis Marketing,WA,4.6,56.0,39.0,625.0,Obama +17,17.0,2012-09-22
2,Elway Poll,WA,5.0,53.0,36.0,405.0,Obama +17,17.0,2012-09-11
3,SurveyUSA,WA,4.4,54.0,38.0,524.0,Obama +16,16.0,2012-09-08
4,SurveyUSA,WA,4.4,54.0,37.0,524.0,Obama +17,17.0,2012-08-02
5,SurveyUSA,WA,4.0,46.0,37.0,630.0,Obama +9,9.0,2012-07-17
6,PPP (D),WA,3.0,54.0,41.0,1073.0,Obama +13,13.0,2012-06-16
7,Elway Poll,WA,5.0,49.0,41.0,408.0,Obama +8,8.0,2012-06-15
8,Strategies 360 (D),WA,4.4,51.0,40.0,500.0,Obama +11,11.0,2012-05-23
9,SurveyUSA,WA,4.2,50.0,36.0,557.0,Obama +14,14.0,2012-05-09
10,PPP (D),WA,2.8,53.0,38.0,1264.0,Obama +15,15.0,2012-02-18
11,SurveyUSA,WA,4.2,50.0,39.0,572.0,Obama +11,11.0,2012-02-14
12,Elway Poll,WA,5.0,49.0,38.0,405.0,Obama +11,11.0,2012-02-08
13,SurveyUSA,WA,4.3,49.0,41.0,549.0,Obama +8,8.0,2011-11-22
14,The Washington Poll,WA,4.5,50.0,41.0,469.0,Obama +9,9.0,2012-10-20
15,Strategies 360 (D),WA,4.4,49.0,40.0,500.0,Obama +9,9.0,2011-09-13
16,PPP (D),WA,3.0,51.0,40.0,1098.0,Obama +11,11.0,2011-05-14
17,WeAskAmerica,WI,2.8,53.0,41.0,1238.0,Obama +12,12.0,2012-09-22
18,PPP (D),WI,3.4,52.0,45.0,842.0,Obama +7,7.0,2012-09-19
19,Rasmussen Reports,WI,4.5,49.0,46.0,500.0,Obama +3,3.0,2012-09-17
20,NBC/WSJ/Marist,WI,3.2,50.0,45.0,968.0,Obama +5,5.0,2012-09-17
21,Marquette University,WI,4.1,54.0,40.0,601.0,Obama +14,14.0,2012-09-15
22,CBS/NYT/Quinnipiac,WI,3.0,51.0,45.0,1485.0,Obama +6,6.0,2012-09-14
23,CBS/NYT/Quinnipiac,WI,3.0,49.0,47.0,1190.0,Obama +2,2.0,2012-08-18
24,Marquette University,WI,4.2,49.0,46.0,576.0,Obama +3,3.0,2012-08-18
25,PPP (D),WI,2.7,47.0,48.0,1308.0,Romney +1,-1.0,2012-08-18
26,Rasmussen Reports,WI,4.5,47.0,48.0,500.0,Romney +1,-1.0,2012-08-15
27,CNN/Opinion Research,WI,3.0,49.0,45.0,920.0,Obama +4,4.0,2012-08-14
28,CBS/NYT/Quinnipiac,WI,3.0,51.0,45.0,1428.0,Obama +6,6.0,2012-08-03
29,Marquette University,WI,2.9,50.0,45.0,1188.0,Obama +5,5.0,2012-08-04
30,Rasmussen Reports,WI,4.5,49.0,46.0,500.0,Obama +3,3.0,2012-07-25
31,WeAskAmerica,WI,2.9,49.0,42.0,1162.0,Obama +7,7.0,2012-07-18
32,Marquette University,WI,3.5,51.0,43.0,810.0,Obama +8,8.0,2012-07-07
33,PPP (D),WI,3.3,50.0,44.0,1057.0,Obama +6,6.0,2012-07-07
34,Marquette University,WI,4.1,49.0,43.0,594.0,Obama +6,6.0,2012-06-15
35,Rasmussen Reports,WI,4.5,44.0,47.0,500.0,Romney +3,-3.0,2012-06-12
36,WeAskAmerica,WI,2.8,48.0,43.0,1270.0,Obama +5,5.0,2012-06-06
37,Marquette University,WI,4.1,51.0,43.0,600.0,Obama +8,8.0,2012-05-25
38,WPR/St. Norbert,WI,5.0,49.0,43.0,406.0,Obama +6,6.0,2012-05-20
39,Daily Kos/PPP (D),WI,,47.0,46.0,,Obama +1,1.0,2012-05-12
40,Marquette University,WI,4.1,46.0,46.0,600.0,Tie,0.0,2012-05-11
41,Rasmussen Reports,WI,4.5,49.0,45.0,500.0,Obama +4,4.0,2012-05-09
42,Marquette University,WI,3.8,51.0,42.0,705.0,Obama +9,9.0,2012-04-28
43,Daily Kos/PPP (D),WI,2.9,50.0,44.0,1136.0,Obama +6,6.0,2012-04-14
44,Rasmussen Reports,WI,4.5,52.0,41.0,500.0,Obama +11,11.0,2012-03-27
45,NBC News/Marist,WI,2.6,52.0,35.0,1391.0,Obama +17,17.0,2012-03-27
46,Marquette University,WI,3.8,48.0,43.0,707.0,Obama +5,5.0,2012-03-24
47,Rasmussen Reports,WI,4.5,47.0,42.0,500.0,Obama +5,5.0,2012-02-27
48,PPP (D),WI,3.3,53.0,39.0,900.0,Obama +14,14.0,2012-02-25
49,Marquette University,WI,3.7,53.0,38.0,716.0,Obama +15,15.0,2012-02-18
50,Marquette University,WI,3.8,48.0,40.0,701.0,Obama +8,8.0,2012-01-21
51,Rasmussen Reports,WI,4.5,45.0,41.0,500.0,Obama +4,4.0,2011-10-26
52,WPRI,WI,4.0,46.0,35.0,605.0,Obama +11,11.0,2012-10-25
53,PPP (D),WI,2.9,46.0,43.0,1170.0,Obama +3,3.0,2011-10-22
54,PPP (D),WI,3.4,47.0,42.0,830.0,Obama +5,5.0,2011-08-20
55,PPP (D),WI,2.4,51.0,39.0,1636.0,Obama +12,12.0,2011-05-21
56,PPP (D),WI,3.5,48.0,38.0,768.0,Obama +10,10.0,2011-02-26
57,PPP (D),WI,3.7,46.0,42.0,702.0,Obama +4,4.0,2010-12-11
58,PPP (D),WV,3.2,33.0,54.0,932.0,Romney +21,-21.0,2012-10-01
59,PPP (D),WV,3.7,37.0,49.0,708.0,Romney +12,-12.0,2012-09-03
60,PPP (D),WV,2.9,37.0,50.0,1105.0,Romney +13,-13.0,2012-01-22
61,Suffolk/WSVN,FL,4.0,46.0,43.0,600.0,Obama +3,3.0,2012-09-29
62,Gravis Marketing,FL,3.4,49.0,48.0,914.0,Obama +1,1.0,2012-09-30
63,Florida Times-Union/InAdv,FL,4.1,49.0,46.0,540.0,Obama +3,3.0,2012-09-24
64,PPP (D),FL,3.3,50.0,46.0,861.0,Obama +4,4.0,2012-09-22
65,Washington Post,FL,4.5,51.0,47.0,769.0,Obama +4,4.0,2012-09-21
66,ARG,FL,4.0,50.0,45.0,600.0,Obama +5,5.0,2012-09-21
67,CBS/NYT/Quinnipiac,FL,3.0,53.0,44.0,1162.0,Obama +9,9.0,2012-09-21
68,Miami Herald/Mason-Dixon,FL,3.5,48.0,47.0,800.0,Obama +1,1.0,2012-09-18
69,Purple Strategies,FL,4.0,47.0,48.0,600.0,Romney +1,-1.0,2012-09-17
70,WeAskAmerica,FL,2.8,49.0,46.0,1230.0,Obama +3,3.0,2012-09-18
71,FOX News,FL,3.0,49.0,44.0,829.0,Obama +5,5.0,2012-09-17
72,Gravis Marketing,FL,2.5,47.0,48.0,1728.0,Romney +1,-1.0,2012-09-16
73,Rasmussen Reports,FL,4.5,48.0,46.0,500.0,Obama +2,2.0,2012-09-12
74,Caddell/McLaughlin/SAN (R),FL,4.0,44.0,48.0,600.0,Romney +4,-4.0,2012-09-12
75,NBC/WSJ/Marist,FL,3.1,49.0,44.0,980.0,Obama +5,5.0,2012-09-10
76,AIF/McLaughlin (R),FL,4.0,47.0,50.0,600.0,Romney +3,-3.0,2012-09-10
77,SurveyUSA,FL,4.1,48.0,44.0,596.0,Obama +4,4.0,2012-09-08
78,Gravis Marketing,FL,2.7,47.0,48.0,1288.0,Romney +1,-1.0,2012-09-02
79,PPP (D),FL,2.5,48.0,47.0,1548.0,Obama +1,1.0,2012-09-01
80,CNN/Time,FL,3.0,50.0,46.0,776.0,Obama +4,4.0,2012-08-24
81,Gravis Marketing,FL,3.8,46.0,50.0,728.0,Romney +4,-4.0,2012-08-20
82,CBS/NYT/Quinnipiac,FL,3.0,49.0,46.0,1241.0,Obama +3,3.0,2012-08-18
83,Rasmussen Reports,FL,4.5,43.0,45.0,500.0,Romney +2,-2.0,2012-08-15
84,Purple Strategies,FL,4.0,47.0,48.0,600.0,Romney +1,-1.0,2012-08-14
85,CBS/NYT/Quinnipiac,FL,3.0,51.0,45.0,1177.0,Obama +6,6.0,2012-07-27
86,PPP (D),FL,3.3,48.0,47.0,871.0,Obama +1,1.0,2012-07-28
87,SurveyUSA,FL,3.9,48.0,43.0,647.0,Obama +5,5.0,2012-07-18
88,Purple Strategies,FL,4.0,45.0,48.0,600.0,Romney +3,-3.0,2012-07-11
89,Mason-Dixon*,FL,3.5,46.0,45.0,800.0,Obama +1,1.0,2012-07-10
90,Rasmussen Reports,FL,4.5,45.0,46.0,500.0,Romney +1,-1.0,2012-07-09
91,WeAskAmerica,FL,2.9,46.0,45.0,1127.0,Obama +1,1.0,2012-07-02
92,Quinnipiac,FL,2.8,45.0,41.0,1200.0,Obama +4,4.0,2012-06-22
93,Quinnipiac,FL,2.4,46.0,42.0,1697.0,Obama +4,4.0,2012-06-15
94,Purple Strategies,FL,4.0,45.0,49.0,600.0,Romney +4,-4.0,2012-06-03
95,PPP (D),FL,3.9,50.0,46.0,642.0,Obama +4,4.0,2012-06-02
96,NBC News/Marist,FL,3.0,48.0,44.0,1078.0,Obama +4,4.0,2012-05-19
97,Quinnipiac,FL,2.4,41.0,47.0,1722.0,Romney +6,-6.0,2012-05-18
98,Suffolk/WSVN,FL,4.0,46.0,45.0,600.0,Obama +1,1.0,2012-05-07
99,Quinnipiac,FL,2.9,43.0,44.0,1169.0,Romney +1,-1.0,2012-04-28
100,Rasmussen Reports,FL,4.5,45.0,46.0,500.0,Romney +1,-1.0,2012-04-25
101,Purple Strategies,FL,4.1,44.0,47.0,600.0,Romney +3,-3.0,2012-04-21
102,FOX News,FL,4.0,45.0,43.0,757.0,Obama +2,2.0,2012-04-16
103,PPP (D),FL,3.7,50.0,45.0,700.0,Obama +5,5.0,2012-04-14
104,Quinnipiac,FL,2.8,49.0,42.0,1228.0,Obama +7,7.0,2012-03-23
105,Rasmussen Reports,FL,4.5,46.0,43.0,500.0,Obama +3,3.0,2012-03-13
106,Rasmussen Reports,FL,4.5,47.0,44.0,500.0,Obama +3,3.0,2012-02-09
107,NBC News/Marist,FL,2.6,49.0,41.0,1379.0,Obama +8,8.0,2012-01-26
108,Miami Herald/Mason-Dixon,FL,3.5,44.0,48.0,800.0,Romney +4,-4.0,2012-01-25
109,Suffolk/WSVN,FL,4.0,42.0,47.0,600.0,Romney +5,-5.0,2012-01-23
110,Quinnipiac,FL,2.5,45.0,45.0,1518.0,Tie,0.0,2012-01-21
111,Quinnipiac,FL,2.6,43.0,46.0,1412.0,Romney +3,-3.0,2012-01-06
112,NBC News/Marist,FL,2.1,48.0,41.0,2119.0,Obama +7,7.0,2011-12-06
113,Quinnipiac,FL,2.8,42.0,45.0,1226.0,Romney +3,-3.0,2011-12-02
114,PPP (D),FL,3.7,45.0,44.0,700.0,Obama +1,1.0,2011-11-30
115,Rasmussen Reports,FL,4.5,42.0,46.0,500.0,Romney +4,-4.0,2011-11-17
116,Quinnipiac,FL,2.9,42.0,45.0,1185.0,Romney +3,-3.0,2011-11-04
117,Suffolk University,FL,3.5,42.0,42.0,800.0,Tie,0.0,2012-10-28
118,NBC News/Marist,FL,2.1,45.0,43.0,2225.0,Obama +2,2.0,2011-10-11
119,PPP (D),FL,4.5,46.0,45.0,476.0,Obama +1,1.0,2011-09-24
120,Quinnipiac,FL,3.1,40.0,47.0,1007.0,Romney +7,-7.0,2011-09-17
121,Mason-Dixon,FL,4.0,43.0,51.0,625.0,Romney +8,-8.0,2012-08-20
122,Magellan Strategies (R),FL,3.6,39.0,49.0,723.0,Romney +10,-10.0,2012-08-17
123,AIF/McLaughlin (R),FL,4.0,44.0,45.0,600.0,Romney +1,-1.0,2012-08-09
124,Quinnipiac,FL,3.6,44.0,44.0,743.0,Tie,0.0,2011-08-02
125,Quinnipiac,FL,3.8,46.0,41.0,674.0,Obama +5,5.0,2011-07-29
126,Sunshine State News/VSS,FL,3.1,42.0,46.0,1000.0,Romney +4,-4.0,2012-07-06
127,PPP (D),FL,3.4,47.0,43.0,848.0,Obama +4,4.0,2011-06-18
128,Suffolk University,FL,4.0,42.0,43.0,600.0,Romney +1,-1.0,2012-04-11
129,Mason-Dixon,FL,3.5,43.0,48.0,800.0,Romney +5,-5.0,2012-04-06
130,PPP (D),FL,4.4,46.0,44.0,500.0,Obama +2,2.0,2011-03-26
131,PPP (D),FL,3.0,46.0,44.0,1034.0,Obama +2,2.0,2010-12-19
132,WMUR/UNH,NH,4.0,54.0,39.0,600.0,Obama +15,15.0,2012-09-29
133,ARG,NH,4.0,50.0,45.0,600.0,Obama +5,5.0,2012-09-26
134,NBC/WSJ/Marist,NH,3.1,51.0,44.0,1012.0,Obama +7,7.0,2012-09-24
135,Rasmussen Reports,NH,4.5,45.0,48.0,500.0,Romney +3,-3.0,2012-09-18
136,ARG,NH,4.5,48.0,47.0,463.0,Obama +1,1.0,2012-09-16
137,WMUR/UNH,NH,4.0,45.0,40.0,592.0,Obama +5,5.0,2012-09-07
138,PPP (D),NH,3.0,51.0,45.0,1055.0,Obama +6,6.0,2012-08-11
139,WMUR/UNH,NH,4.2,49.0,46.0,555.0,Obama +3,3.0,2012-08-07
140,WMUR/UNH,NH,4.5,49.0,45.0,470.0,Obama +4,4.0,2012-07-10
141,NBC News/Marist,NH,3.1,45.0,45.0,1029.0,Tie,0.0,2012-06-25
142,ARG,NH,4.2,49.0,46.0,417.0,Obama +3,3.0,2012-06-23
143,Rasmussen Reports,NH,4.5,48.0,43.0,500.0,Obama +5,5.0,2012-06-20
144,PPP (D),NH,2.9,53.0,41.0,1163.0,Obama +12,12.0,2012-05-12
145,WMUR/UNH,NH,4.4,51.0,42.0,486.0,Obama +9,9.0,2012-04-15
146,Dartmouth,NH,4.9,42.0,44.0,403.0,Romney +2,-2.0,2012-04-04
147,ARG,NH,4.2,48.0,41.0,557.0,Obama +7,7.0,2012-03-17
148,WMUR/UNH,NH,4.4,50.0,40.0,495.0,Obama +10,10.0,2012-01-29
149,NBC News/Marist,NH,2.9,43.0,46.0,1116.0,Romney +3,-3.0,2011-11-29
150,WMUR/UNH,NH,4.0,44.0,47.0,606.0,Romney +3,-3.0,2011-11-18
151,Bloomberg News,NH,5.5,40.0,50.0,324.0,Romney +10,-10.0,2011-11-11
152,NBC News/Marist,NH,2.1,40.0,49.0,2218.0,Romney +9,-9.0,2011-10-04
153,Mason-Dixon,NH,4.0,41.0,52.0,600.0,Romney +11,-11.0,2012-10-04
154,WMUR/UNH,NH,4.1,42.0,50.0,559.0,Romney +8,-8.0,2011-10-01
155,PPP (D),NH,3.8,44.0,46.0,662.0,Romney +2,-2.0,2011-07-03
156,WMUR/UNH,NH,3.5,43.0,47.0,729.0,Romney +4,-4.0,2011-06-26
157,WMUR/UNH,NH,4.4,43.0,50.0,471.0,Romney +7,-7.0,2011-04-21
158,Dartmouth,NH,4.8,39.0,47.0,426.0,Romney +8,-8.0,2012-04-13
159,PPP (D),NH,3.5,47.0,46.0,769.0,Obama +1,1.0,2011-04-02
160,Magellan Strategies (R),NH,3.5,48.0,44.0,789.0,Obama +4,4.0,2012-02-10
161,WMUR/UNH,NH,3.5,41.0,49.0,757.0,Romney +8,-8.0,2011-02-02
162,Monmouth University,NJ,4.0,52.0,37.0,613.0,Obama +15,15.0,2012-09-21
163,Philadelphia Inquirer,NJ,4.0,51.0,37.0,600.0,Obama +14,14.0,2012-09-11
164,Fairleigh Dickinson,NJ,3.8,52.0,38.0,706.0,Obama +14,14.0,2012-09-09
165,Quinnipiac,NJ,2.6,51.0,44.0,1471.0,Obama +7,7.0,2012-08-30
166,Rutgers-Eagleton,NJ,3.5,51.0,37.0,710.0,Obama +14,14.0,2012-08-24
167,Fairleigh Dickinson,NJ,3.5,49.0,36.0,849.0,Obama +13,13.0,2012-07-26
168,Monmouth University,NJ,4.2,50.0,42.0,535.0,Obama +8,8.0,2012-07-20
169,Quinnipiac,NJ,2.4,49.0,38.0,1623.0,Obama +11,11.0,2012-07-12
170,Rutgers-Eagleton,NJ,2.9,56.0,33.0,1065.0,Obama +23,23.0,2012-06-02
171,Quinnipiac,NJ,2.5,49.0,39.0,1582.0,Obama +10,10.0,2012-05-12
172,Quinnipiac,NJ,2.4,49.0,40.0,1607.0,Obama +9,9.0,2012-04-06
173,Fairleigh Dickinson,NJ,3.5,50.0,37.0,800.0,Obama +13,13.0,2012-03-08
174,SurveyUSA,NJ,4.3,52.0,38.0,533.0,Obama +14,14.0,2012-02-25
175,Quinnipiac,NJ,2.6,49.0,39.0,1396.0,Obama +10,10.0,2012-02-24
176,Quinnipiac,NJ,2.6,48.0,38.0,1460.0,Obama +10,10.0,2012-01-13
177,Quinnipiac,NJ,2.3,49.0,40.0,1788.0,Obama +9,9.0,2011-11-12
178,Quinnipiac,NJ,2.9,47.0,41.0,1186.0,Obama +6,6.0,2011-10-08
179,PPP (D),NJ,4.5,53.0,39.0,480.0,Obama +14,14.0,2012-07-17
180,Rasmussen Reports,NJ,4.5,49.0,43.0,500.0,Obama +6,6.0,2012-05-26
181,PPP (D),NJ,4.3,52.0,37.0,520.0,Obama +15,15.0,2012-01-08
182,Rasmussen Reports,NM,4.5,51.0,40.0,500.0,Obama +11,11.0,2012-09-27
183,WeAskAmerica*,NM,2.9,51.0,41.0,1258.0,Obama +10,10.0,2012-09-26
184,PPP (D),NM,2.9,53.0,42.0,1122.0,Obama +11,11.0,2012-09-08
185,Albuquerque Journal*,NM,3.8,45.0,40.0,667.0,Obama +5,5.0,2012-09-05
186,Rasmussen Reports,NM,4.5,52.0,38.0,500.0,Obama +14,14.0,2012-08-21
187,PPP (D),NM,3.6,49.0,44.0,724.0,Obama +5,5.0,2012-07-15
188,WeAskAmerica,NM,2.8,51.0,40.0,1295.0,Obama +11,11.0,2012-07-10
189,PPP (D),NM,4.3,54.0,40.0,526.0,Obama +14,14.0,2012-04-21
190,Rasmussen Reports,NM,4.5,52.0,36.0,500.0,Obama +16,16.0,2012-04-03
191,Rasmussen Reports,NM,4.5,55.0,36.0,500.0,Obama +19,19.0,2012-02-14
192,PPP (D),NM,4.4,53.0,38.0,500.0,Obama +15,15.0,2011-12-11
193,PPP (D),NM,3.6,49.0,42.0,732.0,Obama +7,7.0,2011-06-25
194,PPP (D),NM,4.2,53.0,37.0,545.0,Obama +16,16.0,2011-02-05
195,SurveyUSA,NC,4.2,49.0,47.0,573.0,Obama +2,2.0,2012-09-30
196,ARG,NC,4.0,46.0,50.0,600.0,Romney +4,-4.0,2012-09-29
197,PPP (D),NC,3.1,48.0,48.0,981.0,Tie,0.0,2012-09-29
198,NBC/WSJ/Marist,NC,3.1,48.0,46.0,1035.0,Obama +2,2.0,2012-09-24
199,Civitas (R),NC,4.0,49.0,45.0,600.0,Obama +4,4.0,2012-09-19
200,Purple Strategies,NC,4.0,48.0,46.0,600.0,Obama +2,2.0,2012-09-17
201,Rasmussen Reports,NC,4.5,45.0,51.0,500.0,Romney +6,-6.0,2012-09-13
202,High Point,NC,4.7,48.0,44.0,448.0,Obama +4,4.0,2012-09-13
203,PPP (D),NC,3.0,49.0,48.0,1087.0,Obama +1,1.0,2012-09-08
204,SurveyUSA/Civitas (R),NC,4.5,43.0,53.0,500.0,Romney +10,-10.0,2012-09-05
205,PPP (D),NC,3.1,48.0,48.0,1012.0,Tie,0.0,2012-09-01
206,Elon Univ./Charlotte Observer,NC,3.0,43.0,47.0,1089.0,Romney +4,-4.0,2012-08-28
207,High Point/SurveyUSA,NC,4.3,43.0,46.0,543.0,Romney +3,-3.0,2012-08-28
208,CNN/Time,NC,3.0,47.0,48.0,766.0,Romney +1,-1.0,2012-08-24
209,High Point/SurveyUSA,NC,4.3,43.0,43.0,540.0,Tie,0.0,2012-08-21
210,PPP (D),NC,3.4,49.0,46.0,813.0,Obama +3,3.0,2012-08-04
211,Rasmussen Reports,NC,4.5,44.0,49.0,500.0,Romney +5,-5.0,2012-08-01
212,Civitas (R),NC,4.0,48.0,49.0,600.0,Romney +1,-1.0,2012-07-17
213,PPP (D),NC,3.5,47.0,46.0,775.0,Obama +1,1.0,2012-07-07
214,Project New America/Myers (D),NC,4.4,48.0,49.0,500.0,Romney +1,-1.0,2012-07-05
215,SurveyUSA/Civitas (R),NC,4.2,45.0,50.0,558.0,Romney +5,-5.0,2012-06-30
216,NBC News/Marist,NC,3.1,46.0,44.0,1019.0,Obama +2,2.0,2012-06-25
217,Rasmussen Reports,NC,4.5,44.0,47.0,500.0,Romney +3,-3.0,2012-06-25
218,PPP (D),NC,3.4,46.0,48.0,810.0,Romney +2,-2.0,2012-06-09
219,Civitas (R),NC,4.0,45.0,47.0,600.0,Romney +2,-2.0,2012-05-20
220,SurveyUSA,NC,4.4,44.0,45.0,524.0,Romney +1,-1.0,2012-05-20
221,Rasmussen Reports,NC,4.5,43.0,51.0,500.0,Romney +8,-8.0,2012-05-14
222,PPP (D),NC,3.8,48.0,47.0,666.0,Obama +1,1.0,2012-05-12
223,SurveyUSA,NC,2.5,47.0,43.0,1636.0,Obama +4,4.0,2012-04-28
224,Rasmussen Reports,NC,4.5,44.0,46.0,500.0,Romney +2,-2.0,2012-04-10
225,PPP (D),NC,3.1,49.0,44.0,975.0,Obama +5,5.0,2012-04-06
226,PPP (D),NC,3.5,49.0,46.0,804.0,Obama +3,3.0,2012-03-10
227,Civitas (R),NC,4.0,48.0,46.0,600.0,Obama +2,2.0,2012-02-28
228,PPP (D),NC,3.0,47.0,46.0,1052.0,Obama +1,1.0,2012-02-04
229,Civitas (R),NC,4.0,39.0,48.0,300.0,Romney +9,-9.0,2012-01-10
230,PPP (D),NC,3.5,46.0,45.0,780.0,Obama +1,1.0,2012-01-07
231,PPP (D),NC,3.3,46.0,46.0,865.0,Tie,0.0,2011-12-03
232,PPP (D),NC,4.0,45.0,46.0,615.0,Romney +1,-1.0,2011-10-29
233,PPP (D),NC,3.6,46.0,45.0,760.0,Obama +1,1.0,2011-10-02
234,Civitas (R),NC,4.0,39.0,50.0,600.0,Romney +11,-11.0,2011-09-24
235,Magellan Strategies (R),NC,3.2,45.0,43.0,923.0,Obama +2,2.0,2012-09-08
236,PPP (D),NC,4.3,45.0,44.0,520.0,Obama +1,1.0,2011-09-03
237,PPP (D),NC,3.5,46.0,43.0,780.0,Obama +3,3.0,2011-08-06
238,PPP (D),NC,3.8,45.0,45.0,651.0,Tie,0.0,2011-07-09
239,PPP (D),NC,4.1,45.0,44.0,563.0,Obama +1,1.0,2011-06-10
240,PPP (D),NC,3.4,46.0,43.0,835.0,Obama +3,3.0,2011-05-14
241,PPP (D),NC,4.4,47.0,44.0,507.0,Obama +3,3.0,2011-04-16
242,PPP (D),NC,4.1,44.0,42.0,584.0,Obama +2,2.0,2011-03-19
243,PPP (D),NC,3.8,47.0,44.0,650.0,Obama +3,3.0,2011-02-19
244,PPP (D),NC,4.1,47.0,44.0,575.0,Obama +3,3.0,2011-01-22
245,PPP (D),NC,4.3,46.0,43.0,520.0,Obama +3,3.0,2010-12-18
246,PPP (D),NC,4.3,44.0,44.0,517.0,Tie,0.0,2010-11-20
247,Rasmussen Reports,ND,5.0,36.0,51.0,400.0,Romney +15,-15.0,2012-07-11
248,Mason-Dixon,ND,4.0,39.0,52.0,625.0,Romney +13,-13.0,2012-06-05
249,Omaha World-Herald,NE,3.8,39.0,53.0,656.0,Romney +14,-14.0,2012-09-19
250,Rasmussen Reports,NE,4.5,39.0,53.0,500.0,Romney +14,-14.0,2012-05-16
251,PPP (D),NE,3.1,39.0,51.0,1028.0,Romney +12,-12.0,2012-03-24
252,Rasmussen Reports,NE,4.5,35.0,52.0,500.0,Romney +17,-17.0,2012-03-05
253,PPP (D),NE,3.6,38.0,51.0,739.0,Romney +13,-13.0,2011-10-01
254,PPP (D),NE,3.1,37.0,49.0,977.0,Romney +12,-12.0,2011-01-27
255,Quinnipiac,NY,2.5,62.0,34.0,1486.0,Obama +28,28.0,2012-09-07
256,Siena,NY,3.8,62.0,33.0,671.0,Obama +29,29.0,2012-08-17
257,Quinnipiac,NY,2.3,55.0,32.0,1779.0,Obama +23,23.0,2012-07-20
258,Siena,NY,3.6,61.0,34.0,758.0,Obama +27,27.0,2012-07-13
259,Siena,NY,3.4,59.0,35.0,807.0,Obama +24,24.0,2012-06-05
260,Quinnipiac,NY,2.5,56.0,31.0,1504.0,Obama +25,25.0,2012-05-25
261,Siena,NY,3.5,57.0,37.0,766.0,Obama +20,20.0,2012-05-08
262,Marist,NY,4.0,57.0,35.0,632.0,Obama +22,22.0,2012-04-11
263,Siena,NY,3.4,60.0,35.0,808.0,Obama +25,25.0,2012-04-03
264,Quinnipiac,NY,2.5,56.0,33.0,1597.0,Obama +23,23.0,2012-03-31
265,Siena,NY,3.4,60.0,34.0,808.0,Obama +26,26.0,2012-02-28
266,SurveyUSA,NY,4.3,60.0,30.0,518.0,Obama +30,30.0,2012-02-25
267,Quinnipiac,NY,2.8,52.0,35.0,1233.0,Obama +17,17.0,2012-02-11
268,Siena,NY,3.4,63.0,31.0,807.0,Obama +32,32.0,2012-01-31
269,Marist,NY,6.0,58.0,35.0,296.0,Obama +23,23.0,2012-01-19
270,Siena,NY,3.5,59.0,34.0,803.0,Obama +25,25.0,2011-11-11
271,Marist,NY,3.5,59.0,35.0,855.0,Obama +24,24.0,2011-10-26
272,Siena,NY,3.5,55.0,37.0,800.0,Obama +18,18.0,2011-10-11
273,Siena,NY,3.4,56.0,36.0,808.0,Obama +20,20.0,2011-09-18
274,Siena,NY,3.1,55.0,37.0,1008.0,Obama +18,18.0,2011-08-12
275,WPRI/Fleming,RI,4.4,57.0,33.0,501.0,Obama +24,24.0,2012-09-28
276,PPP (D),RI,4.2,54.0,37.0,544.0,Obama +17,17.0,2012-02-19
277,WeAskAmerica,NV,3.1,53.0,42.0,1078.0,Obama +11,11.0,2012-09-26
278,NBC/WSJ/Marist,NV,3.1,49.0,47.0,984.0,Obama +2,2.0,2012-09-24
279,ARG,NV,4.0,51.0,44.0,600.0,Obama +7,7.0,2012-09-22
280,Retail Assoc. of Nevada/POS (R),NV,4.4,46.0,46.0,500.0,Tie,0.0,2012-09-20
281,PPP (D),NV,4.4,52.0,43.0,501.0,Obama +9,9.0,2012-09-19
282,Rasmussen Reports,NV,4.5,47.0,45.0,500.0,Obama +2,2.0,2012-09-18
283,CNN/Opinion Research,NV,3.5,49.0,46.0,741.0,Obama +3,3.0,2012-09-16
284,PPP (D),NV,3.4,50.0,47.0,831.0,Obama +3,3.0,2012-08-25
285,LVRJ/SurveyUSA,NV,3.4,47.0,45.0,869.0,Obama +2,2.0,2012-08-19
286,Rasmussen Reports,NV,4.5,50.0,45.0,500.0,Obama +5,5.0,2012-07-24
287,WeAskAmerica*,NV,3.0,49.0,43.0,1092.0,Obama +6,6.0,2012-07-18
288,AFP/Magellan (R),NV,3.8,50.0,46.0,665.0,Obama +4,4.0,2012-07-17
289,PPP (D),NV,4.4,48.0,42.0,500.0,Obama +6,6.0,2012-06-09
290,NBC News/Marist,NV,3.0,48.0,46.0,1040.0,Obama +2,2.0,2012-05-23
291,Rasmussen Reports,NV,4.5,52.0,44.0,500.0,Obama +8,8.0,2012-04-30
292,PPP (D),NV,4.2,51.0,43.0,553.0,Obama +8,8.0,2012-03-31
293,Rasmussen Reports,NV,4.5,50.0,44.0,500.0,Obama +6,6.0,2012-03-19
294,Las Vegas Review-Journal,NV,4.0,46.0,40.0,600.0,Obama +6,6.0,2011-12-16
295,PPP (D),NV,4.4,46.0,46.0,500.0,Tie,0.0,2011-10-22
296,PPP (D),NV,4.0,47.0,46.0,601.0,Obama +1,1.0,2011-07-30
297,PPP (D),NV,4.4,43.0,46.0,491.0,Romney +3,-3.0,2011-04-23
298,PPP (D),NV,3.2,47.0,46.0,932.0,Obama +1,1.0,2011-01-04
299,WeAskAmerica,CO,2.8,49.0,46.0,1273.0,Obama +3,3.0,2012-09-26
300,Gravis Marketing,CO,3.4,50.0,46.0,765.0,Obama +4,4.0,2012-09-22
301,PPP (D),CO,3.2,51.0,45.0,940.0,Obama +6,6.0,2012-09-22
302,Purple Strategies,CO,4.0,48.0,45.0,600.0,Obama +3,3.0,2012-09-17
303,Rasmussen Reports,CO,4.5,45.0,47.0,500.0,Romney +2,-2.0,2012-09-17
304,NBC/WSJ/Marist,CO,3.1,50.0,45.0,971.0,Obama +5,5.0,2012-09-17
305,CBS/NYT/Quinnipiac,CO,3.0,48.0,47.0,1497.0,Obama +1,1.0,2012-09-14
306,ARG,CO,4.0,49.0,47.0,600.0,Obama +2,2.0,2012-09-11
307,Denver Post/SurveyUSA,CO,4.0,47.0,46.0,615.0,Obama +1,1.0,2012-09-11
308,Project New America/Keating (D),CO,4.4,49.0,44.0,503.0,Obama +5,5.0,2012-09-11
309,PPP (D),CO,3.1,49.0,46.0,1001.0,Obama +3,3.0,2012-09-01
310,Keating (D),CO,4.4,48.0,44.0,500.0,Obama +4,4.0,2012-08-22
311,Purple Strategies,CO,4.0,49.0,46.0,600.0,Obama +3,3.0,2012-08-14
312,Gravis Marketing,CO,4.0,45.0,46.0,607.0,Romney +1,-1.0,2012-08-09
313,Rasmussen Reports,CO,4.5,47.0,47.0,500.0,Tie,0.0,2012-08-06
314,CBS/NYT/Quinnipiac,CO,3.0,45.0,50.0,1463.0,Romney +5,-5.0,2012-08-03
315,PPP (D),CO,3.5,49.0,43.0,779.0,Obama +6,6.0,2012-08-04
316,Purple Strategies,CO,4.0,45.0,44.0,600.0,Obama +1,1.0,2012-07-11
317,WeAskAmerica,CO,3.0,47.0,43.0,1083.0,Obama +4,4.0,2012-06-25
318,PPP (D),CO,3.5,49.0,42.0,799.0,Obama +7,7.0,2012-06-16
319,Rasmussen Reports,CO,4.5,45.0,45.0,500.0,Tie,0.0,2012-06-06
320,Purple Strategies,CO,4.0,48.0,46.0,600.0,Obama +2,2.0,2012-06-03
321,NBC News/Marist,CO,3.0,46.0,45.0,1030.0,Obama +1,1.0,2012-05-23
322,Project New America/Keating (D),CO,4.0,48.0,44.0,601.0,Obama +4,4.0,2012-05-23
323,Purple Strategies,CO,4.1,47.0,47.0,600.0,Tie,0.0,2012-04-21
324,PPP (D),CO,4.2,53.0,40.0,542.0,Obama +13,13.0,2012-04-06
325,PPP (D),CO,3.5,47.0,45.0,793.0,Obama +2,2.0,2011-12-03
326,PPP (D),CO,4.3,48.0,41.0,510.0,Obama +7,7.0,2011-08-06
327,PPP (D),CO,4.3,47.0,41.0,517.0,Obama +6,6.0,2011-02-05
328,PPIC,CA,4.4,53.0,39.0,995.0,Obama +14,14.0,2012-09-13
329,Field,CA,3.4,58.0,34.0,891.0,Obama +24,24.0,2012-09-12
330,SurveyUSA,CA,4.3,57.0,35.0,524.0,Obama +22,22.0,2012-09-10
331,Field,CA,3.4,55.0,37.0,848.0,Obama +18,18.0,2012-06-27
332,SurveyUSA,CA,2.5,57.0,36.0,1575.0,Obama +21,21.0,2012-05-28
333,Field,CA,3.8,48.0,32.0,710.0,Obama +16,16.0,2012-05-25
334,LA Times/USC,CA,3.5,56.0,37.0,1002.0,Obama +19,19.0,2012-05-19
335,PPIC,CA,4.2,50.0,39.0,894.0,Obama +11,11.0,2012-05-17
336,SurveyUSA,CA,2.2,62.0,31.0,1995.0,Obama +31,31.0,2012-03-31
337,LA Times/USC,CA,2.9,57.0,36.0,1500.0,Obama +21,21.0,2012-03-17
338,Rasmussen Reports,CA,4.5,57.0,35.0,500.0,Obama +22,22.0,2012-02-12
339,Field,CA,3.1,55.0,35.0,1003.0,Obama +20,20.0,2012-02-10
340,SurveyUSA,CA,2.1,60.0,31.0,2088.0,Obama +29,29.0,2012-02-09
341,Field,CA,3.1,50.0,40.0,1000.0,Obama +10,10.0,2011-11-21
342,PPP (D),CA,4.4,57.0,36.0,500.0,Obama +21,21.0,2011-11-12
343,SurveyUSA,CA,3.5,50.0,39.0,800.0,Obama +11,11.0,2011-11-10
344,LA Times/USC,CA,2.5,52.0,35.0,1500.0,Obama +17,17.0,2011-11-04
345,Field,CA,3.2,51.0,38.0,1001.0,Obama +13,13.0,2011-09-07
346,LA Times/USC,CA,,54.0,35.0,1408.0,Obama +19,19.0,2011-08-23
347,PPP (D),CA,3.3,56.0,36.0,892.0,Obama +20,20.0,2011-01-29
348,InsiderAdvantage,GA,4.5,35.0,56.0,483.0,Romney +21,-21.0,2012-09-18
349,SurveyUSA,GA,2.9,42.0,50.0,1169.0,Romney +8,-8.0,2012-07-29
350,InsiderAdvantage,GA,4.0,41.0,50.0,591.0,Romney +9,-9.0,2012-07-24
351,InsiderAdvantage,GA,5.0,40.0,52.0,438.0,Romney +12,-12.0,2012-05-22
352,Landmark/Rosetta Stone,GA,4.0,40.0,51.0,600.0,Romney +11,-11.0,2012-05-10
353,SurveyUSA,GA,2.9,42.0,49.0,1156.0,Romney +7,-7.0,2012-02-25
354,SurveyUSA,GA,3.0,43.0,51.0,1144.0,Romney +8,-8.0,2012-02-02
355,Mason-Dixon,GA,4.0,38.0,55.0,625.0,Romney +17,-17.0,2011-12-13
356,SurveyUSA,GA,2.9,42.0,49.0,1176.0,Romney +7,-7.0,2011-12-07
357,PPP (D),GA,3.5,43.0,46.0,790.0,Romney +3,-3.0,2012-04-02
358,PPP (D),CT,3.5,54.0,41.0,801.0,Obama +13,13.0,2012-09-25
359,Hartford Courant/UConn,CT,4.4,53.0,32.0,508.0,Obama +21,21.0,2012-09-14
360,Quinnipiac,CT,2.6,52.0,45.0,1472.0,Obama +7,7.0,2012-08-24
361,PPP (D),CT,3.3,53.0,40.0,881.0,Obama +13,13.0,2012-08-23
362,Rasmussen Reports,CT,4.5,51.0,43.0,500.0,Obama +8,8.0,2012-08-21
363,PPP (D),CT,3.5,51.0,43.0,771.0,Obama +8,8.0,2012-07-28
364,Quinnipiac,CT,2.6,50.0,38.0,1408.0,Obama +12,12.0,2012-06-01
365,Quinnipiac,CT,2.4,53.0,37.0,1622.0,Obama +16,16.0,2012-03-17
366,PPP (D),CT,4.0,47.0,45.0,592.0,Obama +2,2.0,2011-09-24
367,Quinnipiac,CT,2.8,49.0,36.0,1230.0,Obama +13,13.0,2011-09-11
368,Sooner Poll,OK,4.4,29.0,58.0,495.0,Romney +29,-29.0,2012-08-05
369,Sooner Poll,OK,4.4,27.0,62.0,504.0,Romney +35,-35.0,2012-05-09
370,PPP (D),OH,3.3,49.0,45.0,897.0,Obama +4,4.0,2012-09-29
371,Columbus Dispatch*,OH,2.2,51.0,42.0,1662.0,Obama +9,9.0,2012-09-24
372,Gravis Marketing,OH,4.3,45.0,44.0,594.0,Obama +1,1.0,2012-09-22
373,Washington Post,OH,4.5,52.0,44.0,759.0,Obama +8,8.0,2012-09-21
374,CBS/NYT/Quinnipiac,OH,3.0,53.0,43.0,1162.0,Obama +10,10.0,2012-09-21
375,Purple Strategies,OH,4.0,48.0,44.0,600.0,Obama +4,4.0,2012-09-17
376,FOX News,OH,3.0,49.0,42.0,1009.0,Obama +7,7.0,2012-09-17
377,Ohio Newspapers/Univ of Cin.,OH,3.3,51.0,46.0,861.0,Obama +5,5.0,2012-09-16
378,Caddell/McLaughlin/SAN (R),OH,4.0,47.0,44.0,600.0,Obama +3,3.0,2012-09-14
379,Rasmussen Reports,OH,4.5,47.0,46.0,500.0,Obama +1,1.0,2012-09-12
380,ARG,OH,4.0,48.0,47.0,600.0,Obama +1,1.0,2012-09-11
381,NBC/WSJ/Marist,OH,3.1,50.0,43.0,979.0,Obama +7,7.0,2012-09-10
382,PPP (D),OH,3.0,50.0,45.0,1072.0,Obama +5,5.0,2012-09-08
383,Gravis Marketing,OH,2.7,47.0,43.0,1548.0,Obama +4,4.0,2012-09-08
384,Gravis Marketing,OH,2.9,44.0,47.0,1381.0,Romney +3,-3.0,2012-09-02
385,Gravis Marketing,OH,3.0,45.0,44.0,1397.0,Obama +1,1.0,2012-08-27
386,Columbus Dispatch*,OH,2.1,45.0,45.0,1758.0,Tie,0.0,2012-08-20
387,Ohio Poll/Univ of Cin.,OH,3.4,49.0,46.0,847.0,Obama +3,3.0,2012-08-19
388,CBS/NYT/Quinnipiac,OH,3.0,50.0,44.0,1253.0,Obama +6,6.0,2012-08-18
389,Purple Strategies,OH,4.0,44.0,46.0,600.0,Romney +2,-2.0,2012-08-14
390,Rasmussen Reports,OH,4.5,45.0,45.0,500.0,Tie,0.0,2012-08-13
391,PPP (D),OH,3.2,48.0,45.0,961.0,Obama +3,3.0,2012-08-11
392,CBS/NYT/Quinnipiac,OH,3.0,50.0,44.0,1193.0,Obama +6,6.0,2012-07-27
393,WeAskAmerica*,OH,3.0,48.0,40.0,1115.0,Obama +8,8.0,2012-07-24
394,Rasmussen Reports,OH,4.5,47.0,45.0,500.0,Obama +2,2.0,2012-07-18
395,Purple Strategies,OH,4.0,48.0,45.0,600.0,Obama +3,3.0,2012-07-11
396,Quinnipiac,OH,2.8,47.0,38.0,1237.0,Obama +9,9.0,2012-06-22
397,PPP (D),OH,3.8,47.0,44.0,673.0,Obama +3,3.0,2012-06-23
398,Purple Strategies,OH,4.0,45.0,48.0,600.0,Romney +3,-3.0,2012-06-03
399,Rasmussen Reports,OH,4.5,44.0,46.0,500.0,Romney +2,-2.0,2012-05-29
400,NBC News/Marist,OH,3.0,48.0,42.0,1103.0,Obama +6,6.0,2012-05-19
401,Quinnipiac,OH,3.0,45.0,44.0,1069.0,Obama +1,1.0,2012-05-05
402,PPP (D),OH,3.3,50.0,43.0,875.0,Obama +7,7.0,2012-05-05
403,Quinnipiac,OH,2.9,44.0,42.0,1130.0,Obama +2,2.0,2012-04-28
404,Purple Strategies,OH,4.1,49.0,44.0,600.0,Obama +5,5.0,2012-04-21
405,Rasmussen Reports,OH,4.5,46.0,42.0,500.0,Obama +4,4.0,2012-04-18
406,FOX News,OH,4.0,45.0,39.0,606.0,Obama +6,6.0,2012-04-16
407,Rasmussen Reports,OH,4.5,48.0,40.0,500.0,Obama +8,8.0,2012-03-26
408,Quinnipiac,OH,2.8,47.0,41.0,1246.0,Obama +6,6.0,2012-03-23
409,NBC News/Marist,OH,2.5,50.0,38.0,1573.0,Obama +12,12.0,2012-03-01
410,FOX News,OH,4.5,38.0,44.0,505.0,Romney +6,-6.0,2012-02-12
411,Quinnipiac,OH,2.6,46.0,44.0,1421.0,Obama +2,2.0,2012-02-10
412,Rasmussen Reports,OH,4.5,45.0,41.0,500.0,Obama +4,4.0,2012-02-08
413,PPP (D),OH,3.4,49.0,42.0,820.0,Obama +7,7.0,2012-01-29
414,Quinnipiac,OH,2.4,44.0,42.0,1610.0,Obama +2,2.0,2012-01-13
415,Quinnipiac,OH,2.6,42.0,43.0,1437.0,Romney +1,-1.0,2011-12-02
416,PPP (D),OH,3.1,50.0,41.0,1022.0,Obama +9,9.0,2011-11-05
417,Quinnipiac,OH,2.7,45.0,42.0,1312.0,Obama +3,3.0,2011-11-04
418,Quinnipiac,OH,2.4,45.0,41.0,1668.0,Obama +4,4.0,2011-10-20
419,PPP (D),OH,4.1,46.0,46.0,581.0,Tie,0.0,2011-10-15
420,Quinnipiac,OH,2.7,44.0,42.0,1301.0,Obama +2,2.0,2011-09-23
421,PPP (D),OH,3.5,45.0,43.0,792.0,Obama +2,2.0,2011-08-13
422,Quinnipiac,OH,2.4,45.0,41.0,1659.0,Obama +4,4.0,2011-07-15
423,PPP (D),OH,4.1,46.0,42.0,565.0,Obama +4,4.0,2011-05-21
424,PPP (D),OH,4.1,46.0,40.0,559.0,Obama +6,6.0,2011-03-12
425,PPP (D),OH,4.3,44.0,42.0,510.0,Obama +2,2.0,2010-12-11
426,Ohio Poll/Univ of Cin.,OH,3.3,51.0,46.0,861.0,Obama +5,5.0,2011-09-16
427,SurveyUSA,KS,4.4,39.0,48.0,510.0,Romney +9,-9.0,2011-11-20
428,SurveyUSA,KS,3.5,31.0,56.0,800.0,Romney +25,-25.0,2011-11-10
429,NBC News/Marist,SC,2.1,45.0,42.0,2107.0,Obama +3,3.0,2011-12-05
430,NBC News/Marist,SC,2.1,40.0,46.0,2131.0,Romney +6,-6.0,2011-10-12
431,PPP (D),SC,4.0,38.0,53.0,587.0,Romney +15,-15.0,2012-08-27
432,PPP (D),SC,3.6,41.0,50.0,741.0,Romney +9,-9.0,2012-06-04
433,PPP (D),SC,2.9,42.0,49.0,1167.0,Romney +7,-7.0,2012-01-29
434,Courier-Journal/SurveyUSA,KY,4.1,39.0,53.0,606.0,Romney +14,-14.0,2012-09-12
435,SurveyUSA,OR,4.3,50.0,41.0,552.0,Obama +9,9.0,2012-09-12
436,PPP (D),OR,3.7,50.0,42.0,686.0,Obama +8,8.0,2012-06-23
437,SurveyUSA,OR,2.6,47.0,43.0,1468.0,Obama +4,4.0,2012-05-09
438,SurveyUSA,OR,2.5,50.0,39.0,1615.0,Obama +11,11.0,2012-03-17
439,SurveyUSA,OR,4.4,48.0,40.0,528.0,Obama +8,8.0,2011-11-20
440,PPP (D),OR,3.7,50.0,38.0,701.0,Obama +12,12.0,2012-06-20
441,PPP (D),SD,3.0,40.0,46.0,1045.0,Romney +6,-6.0,2012-01-29
442,PPP (D),HI,4.1,59.0,32.0,568.0,Obama +27,27.0,2012-10-15
443,WPA,TX,3.1,40.0,55.0,1000.0,Romney +15,-15.0,2012-09-10
444,PPP (D),TX,4.0,43.0,50.0,591.0,Romney +7,-7.0,2012-04-21
445,PPP (D),TX,3.7,42.0,49.0,700.0,Romney +7,-7.0,2012-01-14
446,PPP (D),TX,4.1,41.0,47.0,569.0,Romney +6,-6.0,2011-09-17
447,PPP (D),TX,3.5,42.0,50.0,795.0,Romney +8,-8.0,2011-06-26
448,PPP (D),TX,3.3,42.0,49.0,892.0,Romney +7,-7.0,2011-01-15
449,Clarus Research,LA,4.0,37.0,53.0,602.0,Romney +16,-16.0,2012-10-06
450,Tennessean/Vanderbilt,TN,,40.0,47.0,,Romney +7,-7.0,2012-05-06
451,Middle Tn. State U.,TN,5.0,41.0,47.0,416.0,Romney +6,-6.0,2012-02-19
452,Tennessean/Vanderbilt,TN,3.0,39.0,42.0,1508.0,Romney +3,-3.0,2012-02-19
453,PPP (D),TN,4.4,41.0,48.0,500.0,Romney +7,-7.0,2012-02-11
454,Morning Call,PA,5.0,49.0,42.0,427.0,Obama +7,7.0,2012-09-24
455,CBS/NYT/Quinnipiac,PA,3.0,54.0,42.0,1162.0,Obama +12,12.0,2012-09-21
456,Franklin & Marshall,PA,4.9,52.0,43.0,392.0,Obama +9,9.0,2012-09-21
457,Tribune-Review/Susquehanna,PA,3.5,47.0,45.0,800.0,Obama +2,2.0,2012-09-19
458,Rasmussen Reports,PA,4.5,51.0,39.0,500.0,Obama +12,12.0,2012-09-19
459,WeAskAmerica,PA,2.9,48.0,42.0,1214.0,Obama +6,6.0,2012-09-18
460,Mercyhurst University,PA,4.3,48.0,40.0,522.0,Obama +8,8.0,2012-09-16
461,Morning Call,PA,4.0,50.0,41.0,640.0,Obama +9,9.0,2012-09-13
462,Philadelphia Inquirer,PA,4.0,50.0,39.0,600.0,Obama +11,11.0,2012-09-11
463,Philadelphia Inquirer,PA,4.0,51.0,42.0,601.0,Obama +9,9.0,2012-08-22
464,Morning Call,PA,5.0,49.0,40.0,422.0,Obama +9,9.0,2012-08-21
465,Franklin & Marshall,PA,3.8,47.0,42.0,681.0,Obama +5,5.0,2012-08-10
466,CBS/NYT/Quinnipiac,PA,3.0,53.0,42.0,1168.0,Obama +11,11.0,2012-07-27
467,PPP (D),PA,3.6,49.0,43.0,758.0,Obama +6,6.0,2012-07-22
468,Rasmussen Reports,PA,4.5,48.0,44.0,500.0,Obama +4,4.0,2012-07-18
469,WeAskAmerica,PA,2.8,47.0,40.0,1227.0,Obama +7,7.0,2012-07-10
470,Quinnipiac,PA,2.8,45.0,39.0,1252.0,Obama +6,6.0,2012-06-22
471,Quinnipiac,PA,3.1,46.0,40.0,997.0,Obama +6,6.0,2012-06-08
472,Franklin & Marshall,PA,4.8,48.0,36.0,412.0,Obama +12,12.0,2012-06-01
473,Rasmussen Reports,PA,4.5,47.0,41.0,500.0,Obama +6,6.0,2012-05-21
474,PPP (D),PA,3.8,50.0,42.0,671.0,Obama +8,8.0,2012-05-19
475,Quinnipiac,PA,2.9,47.0,39.0,1168.0,Obama +8,8.0,2012-04-28
476,Morning Call,PA,5.0,45.0,40.0,492.0,Obama +5,5.0,2012-03-28
477,Quinnipiac,PA,2.8,45.0,42.0,1232.0,Obama +3,3.0,2012-03-23
478,Quinnipiac,PA,2.8,46.0,40.0,1256.0,Obama +6,6.0,2012-03-10
479,PPP (D),PA,3.7,49.0,42.0,689.0,Obama +7,7.0,2012-03-10
480,Morning Call,PA,4.0,48.0,37.0,625.0,Obama +11,11.0,2012-02-18
481,Franklin & Marshall,PA,4.0,41.0,33.0,592.0,Obama +8,8.0,2012-02-17
482,Rasmussen Reports,PA,4.5,45.0,44.0,438.0,Obama +1,1.0,2012-02-16
483,Tribune-Review/Susquehanna,PA,3.5,43.0,45.0,800.0,Romney +2,-2.0,2012-02-04
484,Morning Call,PA,5.0,45.0,41.0,422.0,Obama +4,4.0,2011-12-03
485,Quinnipiac,PA,2.6,46.0,43.0,1453.0,Obama +3,3.0,2011-12-02
486,PPP (D),PA,4.4,45.0,45.0,500.0,Tie,0.0,2011-11-19
487,SurveyUSA,PA,3.5,44.0,44.0,800.0,Tie,0.0,2011-11-10
488,Quinnipiac,PA,2.6,44.0,43.0,1436.0,Obama +1,1.0,2011-11-04
489,Franklin & Marshall,PA,4.8,35.0,26.0,419.0,Obama +9,9.0,2011-10-27
490,Quinnipiac,PA,2.7,45.0,43.0,1370.0,Obama +2,2.0,2011-09-24
491,Magellan Strategies (R),PA,3.7,50.0,40.0,702.0,Obama +10,10.0,2012-09-13
492,Franklin & Marshall,PA,4.9,36.0,30.0,407.0,Obama +6,6.0,2011-08-26
493,Quinnipiac,PA,2.7,42.0,44.0,1358.0,Romney +2,-2.0,2011-07-28
494,PPP (D),PA,4.2,44.0,44.0,545.0,Tie,0.0,2011-07-03
495,Quinnipiac,PA,2.7,47.0,40.0,1277.0,Obama +7,7.0,2011-06-10
496,PPP (D),PA,4.0,42.0,43.0,593.0,Romney +1,-1.0,2011-04-09
497,Morning Call,PA,5.5,43.0,36.0,395.0,Obama +7,7.0,2011-02-19
498,PPP (D),PA,4.2,46.0,42.0,547.0,Obama +4,4.0,2011-01-04
499,ARG,VA,4.0,49.0,47.0,600.0,Obama +2,2.0,2012-09-26
500,Suffolk/WWBT,VA,4.0,46.0,44.0,600.0,Obama +2,2.0,2012-09-25
501,Roanoke College,VA,4.0,48.0,40.0,589.0,Obama +8,8.0,2012-09-24
502,WeAskAmerica,VA,2.8,49.0,46.0,1238.0,Obama +3,3.0,2012-09-17
503,Purple Strategies,VA,4.0,46.0,43.0,600.0,Obama +3,3.0,2012-09-17
504,FOX News,VA,3.0,50.0,43.0,1006.0,Obama +7,7.0,2012-09-17
505,PPP (D),VA,3.1,51.0,46.0,1021.0,Obama +5,5.0,2012-09-15
506,CBS/NYT/Quinnipiac,VA,3.0,50.0,46.0,1474.0,Obama +4,4.0,2012-09-14
507,Rasmussen Reports,VA,4.5,49.0,48.0,500.0,Obama +1,1.0,2012-09-13
508,Washington Post,VA,4.0,52.0,44.0,847.0,Obama +8,8.0,2012-09-14
509,NBC/WSJ/Marist,VA,3.1,49.0,44.0,996.0,Obama +5,5.0,2012-09-10
510,Gravis Marketing,VA,2.2,44.0,49.0,2238.0,Romney +5,-5.0,2012-09-09
511,Rasmussen Reports,VA,4.5,47.0,47.0,500.0,Tie,0.0,2012-08-23
512,PPP (D),VA,3.4,50.0,45.0,855.0,Obama +5,5.0,2012-08-18
513,Purple Strategies,VA,4.0,45.0,48.0,600.0,Romney +3,-3.0,2012-08-14
514,Rasmussen Reports,VA,4.5,48.0,46.0,500.0,Obama +2,2.0,2012-08-07
515,CBS/NYT/Quinnipiac,VA,3.0,49.0,45.0,1412.0,Obama +4,4.0,2012-08-03
516,Rasmussen Reports,VA,4.5,47.0,46.0,500.0,Obama +1,1.0,2012-07-17
517,Quinnipiac,VA,2.4,44.0,44.0,1673.0,Tie,0.0,2012-07-13
518,Purple Strategies,VA,4.0,46.0,44.0,600.0,Obama +2,2.0,2012-07-11
519,PPP (D),VA,3.9,50.0,42.0,647.0,Obama +8,8.0,2012-07-07
520,WeAskAmerica,VA,3.0,43.0,48.0,1106.0,Romney +5,-5.0,2012-06-25
521,Rasmussen Reports,VA,4.5,47.0,47.0,500.0,Tie,0.0,2012-06-03
522,Purple Strategies,VA,4.0,49.0,46.0,600.0,Obama +3,3.0,2012-06-03
523,Quinnipiac,VA,2.7,47.0,42.0,1282.0,Obama +5,5.0,2012-06-02
524,Virginian-Pilot/ODU,VA,3.5,49.0,42.0,776.0,Obama +7,7.0,2012-05-31
525,NBC News/Marist,VA,3.0,48.0,44.0,1076.0,Obama +4,4.0,2012-05-19
526,Washington Post,VA,4.0,51.0,44.0,964.0,Obama +7,7.0,2012-04-30
527,PPP (D),VA,3.8,51.0,43.0,680.0,Obama +8,8.0,2012-04-28
528,Rasmussen Reports,VA,4.5,44.0,45.0,500.0,Romney +1,-1.0,2012-04-23
529,Purple Strategies,VA,4.1,48.0,46.0,600.0,Obama +2,2.0,2012-04-21
530,Roanoke College,VA,4.2,41.0,46.0,537.0,Romney +5,-5.0,2012-03-31
531,Rasmussen Reports,VA,4.5,51.0,42.0,500.0,Obama +9,9.0,2012-03-20
532,Quinnipiac,VA,3.1,50.0,42.0,1034.0,Obama +8,8.0,2012-03-16
533,NBC News/Marist,VA,2.8,52.0,35.0,1273.0,Obama +17,17.0,2012-03-01
534,Roanoke College,VA,4.0,42.0,43.0,607.0,Romney +1,-1.0,2012-02-20
535,Rasmussen Reports,VA,4.5,49.0,43.0,500.0,Obama +6,6.0,2012-02-21
536,CNU/Times-Dispatch,VA,3.1,43.0,46.0,1018.0,Romney +3,-3.0,2012-02-09
537,Quinnipiac,VA,2.5,47.0,43.0,1544.0,Obama +4,4.0,2012-02-04
538,Mason-Dixon,VA,3.9,45.0,44.0,625.0,Obama +1,1.0,2012-01-17
539,Quinnipiac,VA,2.9,42.0,44.0,1135.0,Romney +2,-2.0,2011-12-16
540,PPP (D),VA,4.0,48.0,42.0,600.0,Obama +6,6.0,2011-12-12
541,Quinnipiac,VA,2.6,44.0,45.0,1459.0,Romney +1,-1.0,2011-10-06
542,CNU/Times-Dispatch,VA,3.1,42.0,46.0,1027.0,Romney +4,-4.0,2011-10-06
543,Rasmussen Reports,VA,4.5,45.0,46.0,500.0,Romney +1,-1.0,2011-09-28
544,Roanoke College,VA,4.0,37.0,45.0,601.0,Romney +8,-8.0,2011-09-12
545,Quinnipiac,VA,2.7,42.0,44.0,1368.0,Romney +2,-2.0,2011-09-10
546,PPP (D),VA,4.4,47.0,43.0,500.0,Obama +4,4.0,2011-07-23
547,PPP (D),VA,4.2,51.0,40.0,547.0,Obama +11,11.0,2011-05-07
548,Washington Post,VA,3.5,50.0,44.0,1040.0,Obama +6,6.0,2012-05-01
549,PPP (D),VA,3.5,48.0,42.0,524.0,Obama +6,6.0,2011-02-26
550,PPP (D),VA,4.2,48.0,43.0,551.0,Obama +5,5.0,2010-11-12
551,Talk Business Poll,AR,2.0,35.0,56.0,2228.0,Romney +21,-21.0,2012-09-17
552,Talk Business Poll,AR,3.6,33.0,57.0,759.0,Romney +24,-24.0,2012-03-26
553,Talk Business Poll,AR,2.1,34.0,50.0,2101.0,Romney +16,-16.0,2011-09-15
554,Castleton State College,VT,4.5,62.0,25.0,477.0,Obama +37,37.0,2012-08-16
555,Castleton State College,VT,4.0,59.0,28.0,607.0,Obama +31,31.0,2012-05-12
556,Castleton State College,VT,3.5,58.0,33.0,800.0,Obama +25,25.0,2012-02-17
557,PPP (D),VT,2.8,54.0,34.0,1233.0,Obama +20,20.0,2012-07-30
558,The Simon Poll/SIU,IL,2.8,47.0,34.0,1261.0,Obama +13,13.0,2012-09-07
559,WeAskAmerica,IL,2.8,54.0,37.0,1382.0,Obama +17,17.0,2012-09-05
560,Chicago Tribune,IL,4.0,56.0,35.0,600.0,Obama +21,21.0,2012-02-04
561,The Simon Poll/SIU,IL,3.0,46.0,39.0,1000.0,Obama +7,7.0,2011-10-14
562,FOX Chicago/WAA,IL,2.3,50.0,35.0,1815.0,Obama +15,15.0,2012-09-28
563,Howey/DePauw,IN,3.5,40.0,52.0,800.0,Romney +12,-12.0,2012-09-21
564,Rasmussen Reports,IN,5.0,35.0,51.0,400.0,Romney +16,-16.0,2012-08-01
565,Howey/DePauw,IN,4.5,40.0,49.0,503.0,Romney +9,-9.0,2012-03-27
566,WeAskAmerica,IA,2.8,48.0,44.0,1273.0,Obama +4,4.0,2012-09-26
567,Des Moines Register,IA,3.8,49.0,45.0,650.0,Obama +4,4.0,2012-09-25
568,PPP (D),IA,3.6,51.0,44.0,754.0,Obama +7,7.0,2012-09-25
569,Voter/Consumer Res/TIR (R),IA,4.4,46.0,47.0,500.0,Romney +1,-1.0,2012-09-24
570,ARG,IA,4.0,51.0,44.0,600.0,Obama +7,7.0,2012-09-22
571,Rasmussen Reports,IA,4.5,44.0,47.0,500.0,Romney +3,-3.0,2012-09-19
572,NBC/WSJ/Marist,IA,3.3,50.0,42.0,898.0,Obama +8,8.0,2012-09-17
573,PPP (D),IA,2.8,47.0,45.0,1244.0,Obama +2,2.0,2012-08-25
574,Rasmussen Reports,IA,4.5,44.0,46.0,500.0,Romney +2,-2.0,2012-08-08
575,PPP (D),IA,2.9,48.0,43.0,1131.0,Obama +5,5.0,2012-07-14
576,WeAskAmerica,IA,3.0,45.0,44.0,1086.0,Obama +1,1.0,2012-06-18
577,Rasmussen Reports,IA,4.5,46.0,47.0,500.0,Romney +1,-1.0,2012-06-11
578,NBC News/Marist,IA,3.0,44.0,44.0,1106.0,Tie,0.0,2012-05-23
579,PPP (D),IA,2.9,51.0,41.0,1181.0,Obama +10,10.0,2012-05-05
580,Des Moines Register,IA,4.0,44.0,46.0,611.0,Romney +2,-2.0,2012-02-14
581,NBC News/Marist,IA,2.5,46.0,39.0,1503.0,Obama +7,7.0,2011-11-28
582,PPP (D),IA,3.6,46.0,42.0,749.0,Obama +4,4.0,2011-10-09
583,NBC News/Marist,IA,1.8,43.0,40.0,2836.0,Obama +3,3.0,2011-10-04
584,PPP (D),IA,3.5,49.0,39.0,798.0,Obama +10,10.0,2011-08-20
585,Mason-Dixon,IA,3.9,44.0,47.0,629.0,Romney +3,-3.0,2012-07-06
586,PPP (D),IA,2.6,49.0,40.0,1387.0,Obama +9,9.0,2011-05-29
587,PPP (D),IA,2.9,45.0,41.0,1109.0,Obama +4,4.0,2011-04-16
588,PPP (D),IA,3.0,47.0,41.0,1077.0,Obama +6,6.0,2011-01-08
589,HighGround/Moore (R)*,AZ,4.0,42.0,46.0,500.0,Romney +4,-4.0,2012-09-26
590,Rasmussen Reports,AZ,4.5,42.0,52.0,500.0,Romney +10,-10.0,2012-09-25
591,Purple Strategies,AZ,4.0,45.0,48.0,600.0,Romney +3,-3.0,2012-09-17
592,PPP (D),AZ,3.1,44.0,53.0,993.0,Romney +9,-9.0,2012-09-08
593,PPP (D),AZ,3.4,41.0,52.0,833.0,Romney +11,-11.0,2012-07-24
594,Rasmussen Reports,AZ,4.5,41.0,54.0,500.0,Romney +13,-13.0,2012-06-26
595,Project New America/PPP (D),AZ,3.5,46.0,49.0,791.0,Romney +3,-3.0,2012-06-05
596,PPP (D),AZ,4.4,43.0,50.0,500.0,Romney +7,-7.0,2012-05-19
597,Magellan (R),AZ,3.3,43.0,52.0,909.0,Romney +9,-9.0,2012-05-01
598,Arizona State,AZ,4.4,40.0,42.0,488.0,Romney +2,-2.0,2012-04-15
599,Behavior Research Center,AZ,4.4,42.0,40.0,511.0,Obama +2,2.0,2012-04-13
600,Rasmussen Reports,AZ,4.5,40.0,51.0,500.0,Romney +11,-11.0,2012-03-13
601,NBC News/Marist,AZ,2.8,40.0,45.0,1265.0,Romney +5,-5.0,2012-02-20
602,PPP (D),AZ,3.6,47.0,47.0,743.0,Tie,0.0,2012-02-18
603,Behavior Research Center,AZ,4.3,37.0,43.0,553.0,Romney +6,-6.0,2012-01-07
604,PPP (D),AZ,4.4,42.0,49.0,500.0,Romney +7,-7.0,2011-11-19
605,Behavior Research Center,AZ,4.1,45.0,40.0,581.0,Obama +5,5.0,2011-10-19
606,PPP (D),AZ,3.9,44.0,48.0,623.0,Romney +4,-4.0,2011-04-30
607,PPP (D),AZ,4.0,43.0,49.0,599.0,Romney +6,-6.0,2011-01-29
608,PPP (D),AZ,3.9,43.0,50.0,617.0,Romney +7,-7.0,2010-09-20
609,Rasmussen Reports,ME,4.5,52.0,40.0,500.0,Obama +12,12.0,2012-09-25
610,PPP (D),ME,3.5,55.0,39.0,804.0,Obama +16,16.0,2012-09-18
611,MPRC (D)*,ME,3.4,54.0,37.0,856.0,Obama +17,17.0,2012-09-16
612,Critical Insights,ME,4.0,52.0,36.0,618.0,Obama +16,16.0,2012-09-14
613,Critical Insights,ME,4.0,49.0,35.0,615.0,Obama +14,14.0,2012-06-23
614,WBUR/MassINC,ME,4.4,48.0,34.0,506.0,Obama +14,14.0,2012-06-14
615,Critical Insights,ME,4.0,50.0,42.0,600.0,Obama +8,8.0,2012-05-05
616,MPRC (D),ME,3.1,55.0,37.0,993.0,Obama +18,18.0,2012-04-01
617,PPP (D),ME,2.8,58.0,35.0,1256.0,Obama +23,23.0,2012-03-03
618,PPP (D),ME,3.8,49.0,38.0,673.0,Obama +11,11.0,2011-10-30
619,Critical Insights,ME,4.0,41.0,40.0,600.0,Obama +1,1.0,2011-10-21
620,PPP (D),ME,2.8,49.0,41.0,1247.0,Obama +8,8.0,2011-03-05
621,Baltimore Sun,MD,3.5,57.0,34.0,804.0,Obama +23,23.0,2012-09-26
622,Gonzales Research,MD,3.5,55.0,36.0,813.0,Obama +19,19.0,2012-09-20
623,PPP (D),MD,3.4,58.0,35.0,852.0,Obama +23,23.0,2012-05-18
624,WBUR/MassINC,MA,4.4,60.0,32.0,504.0,Obama +28,28.0,2012-09-27
625,Boston Globe,MA,4.4,57.0,30.0,502.0,Obama +27,27.0,2012-09-24
626,Rasmussen Reports,MA,4.5,55.0,40.0,500.0,Obama +15,15.0,2012-09-24
627,WBUR/MassINC,MA,4.4,59.0,31.0,507.0,Obama +28,28.0,2012-09-16
628,UMass/Boston Herald,MA,5.5,59.0,36.0,497.0,Obama +23,23.0,2012-09-15
629,Suffolk/7News,MA,4.0,64.0,31.0,600.0,Obama +33,33.0,2012-09-15
630,PPP (D),MA,3.3,57.0,39.0,876.0,Obama +18,18.0,2012-09-15
631,Western NE University,MA,4.6,60.0,38.0,444.0,Obama +22,22.0,2012-09-10
632,PPP (D),MA,2.9,55.0,39.0,1115.0,Obama +16,16.0,2012-08-18
633,PPP (D),MA,3.3,55.0,39.0,902.0,Obama +16,16.0,2012-06-23
634,Western NE University,MA,4.4,56.0,34.0,504.0,Obama +22,22.0,2012-05-30
635,Boston Globe,MA,3.8,46.0,34.0,651.0,Obama +12,12.0,2012-05-28
636,Suffolk/7News,MA,4.0,59.0,34.0,600.0,Obama +25,25.0,2012-05-21
637,Rasmussen Reports,MA,4.5,56.0,35.0,500.0,Obama +21,21.0,2012-05-07
638,Rasmussen Reports,MA,4.5,51.0,40.0,500.0,Obama +11,11.0,2012-04-09
639,Boston Globe,MA,4.2,49.0,33.0,544.0,Obama +16,16.0,2012-03-24
640,PPP (D),MA,3.2,58.0,35.0,936.0,Obama +23,23.0,2012-03-17
641,Western NE University,MA,4.3,60.0,36.0,527.0,Obama +24,24.0,2012-02-27
642,Rasmussen Reports,MA,4.5,55.0,38.0,500.0,Obama +17,17.0,2012-02-29
643,Suffolk/7News,MA,4.0,53.0,39.0,600.0,Obama +14,14.0,2012-02-13
644,WBUR/MassINC,MA,4.4,55.0,34.0,503.0,Obama +21,21.0,2012-02-08
645,Mass Insight/Opinion Dynamics,MA,4.4,53.0,35.0,456.0,Obama +18,18.0,2012-02-02
646,UMass/Boston Herald,MA,3.8,57.0,33.0,1005.0,Obama +24,24.0,2012-09-25
647,PPP (D),MA,3.5,53.0,40.0,791.0,Obama +13,13.0,2011-09-17
648,PPP (D),MA,3.2,57.0,37.0,957.0,Obama +20,20.0,2011-06-04
649,PPP (D),MA,4.4,52.0,43.0,500.0,Obama +9,9.0,2010-11-30
650,Deseret News/KSL,UT,2.8,26.0,68.0,1222.0,Romney +42,-42.0,2012-06-18
651,PPP (D),UT,3.6,31.0,63.0,732.0,Romney +32,-32.0,2012-07-09
652,Mason-Dixon,UT,5.0,22.0,73.0,400.0,Romney +51,-51.0,2012-04-27
653,Deseret News,UT,6.2,27.0,67.0,254.0,Romney +40,-40.0,2012-04-27
654,WeAskAmerica,MO,2.9,45.0,48.0,1145.0,Romney +3,-3.0,2012-09-26
655,Gravis Marketing*,MO,2.3,39.0,48.0,1959.0,Romney +9,-9.0,2012-09-17
656,Rasmussen Reports,MO,4.5,45.0,48.0,500.0,Romney +3,-3.0,2012-09-11
657,PPP (D),MO,3.9,41.0,53.0,621.0,Romney +12,-12.0,2012-08-29
658,Post-Dispatch/Mason-Dixon,MO,4.0,43.0,50.0,625.0,Romney +7,-7.0,2012-08-23
659,Rasmussen Reports,MO,4.5,47.0,46.0,500.0,Obama +1,1.0,2012-08-22
660,PPP (D),MO,4.4,42.0,52.0,500.0,Romney +10,-10.0,2012-08-20
661,SurveyUSA,MO,4.1,44.0,45.0,585.0,Romney +1,-1.0,2012-08-11
662,Rasmussen Reports,MO,4.5,44.0,50.0,500.0,Romney +6,-6.0,2012-07-30
663,Post-Dispatch/Mason-Dixon*,MO,4.0,42.0,51.0,625.0,Romney +9,-9.0,2012-07-24
664,WeAskAmerica*,MO,3.0,40.0,49.0,1172.0,Romney +9,-9.0,2012-07-24
665,Rasmussen Reports,MO,4.5,42.0,49.0,500.0,Romney +7,-7.0,2012-06-07
666,PPP (D),MO,4.0,45.0,44.0,602.0,Obama +1,1.0,2012-05-26
667,Rasmussen Reports,MO,4.5,45.0,48.0,500.0,Romney +3,-3.0,2012-04-17
668,Rasmussen Reports,MO,4.5,41.0,50.0,500.0,Romney +9,-9.0,2012-03-15
669,PPP (D),MO,4.1,45.0,45.0,582.0,Tie,0.0,2012-01-28
670,Rasmussen Reports,MO,4.5,42.0,45.0,500.0,Romney +3,-3.0,2011-11-09
671,PPP (D),MO,3.9,43.0,47.0,632.0,Romney +4,-4.0,2011-09-11
672,PPP (D),MO,3.9,43.0,45.0,555.0,Romney +2,-2.0,2011-04-30
673,PPP (D),MO,4.0,43.0,44.0,612.0,Romney +1,-1.0,2011-03-05
674,PPP (D),MO,4.3,41.0,47.0,515.0,Romney +6,-6.0,2010-11-30
675,Star Tribune/Mason-Dixon*,MN,3.5,48.0,40.0,800.0,Obama +8,8.0,2012-09-18
676,PPP (D),MN,3.4,51.0,44.0,824.0,Obama +7,7.0,2012-09-11
677,KSTP/SurveyUSA,MN,4.3,50.0,40.0,551.0,Obama +10,10.0,2012-09-08
678,KSTP/SurveyUSA,MN,4.3,46.0,40.0,552.0,Obama +6,6.0,2012-07-18
679,PPP (D),MN,3.1,54.0,39.0,973.0,Obama +15,15.0,2012-06-02
680,KSTP/SurveyUSA,MN,4.4,52.0,38.0,516.0,Obama +14,14.0,2012-05-10
681,KSTP/SurveyUSA,MN,4.3,49.0,36.0,542.0,Obama +13,13.0,2012-02-01
682,PPP (D),MN,2.8,51.0,41.0,1236.0,Obama +10,10.0,2012-01-22
683,KSTP/SurveyUSA,MN,4.3,45.0,39.0,543.0,Obama +6,6.0,2011-11-04
684,St. Cloud State U.,MN,5.0,45.0,39.0,626.0,Obama +6,6.0,2012-10-22
685,PPP (D),MN,2.9,51.0,36.0,1179.0,Obama +15,15.0,2011-05-29
686,PPP (D),MN,3.2,47.0,42.0,949.0,Obama +5,5.0,2010-12-05
687,WeAskAmerica,MI,3.1,52.0,40.0,1064.0,Obama +12,12.0,2012-09-26
688,Gravis Marketing,MI,3.3,50.0,46.0,804.0,Obama +4,4.0,2012-09-22
689,Rasmussen Reports,MI,4.5,54.0,42.0,500.0,Obama +12,12.0,2012-09-20
690,Detroit News,MI,4.0,52.0,38.0,600.0,Obama +14,14.0,2012-09-16
691,CNN/Opinion Research,MI,3.5,52.0,44.0,754.0,Obama +8,8.0,2012-09-16
692,MRG,MI,4.0,48.0,42.0,600.0,Obama +6,6.0,2012-09-13
693,Baydoun/Foster (D),MI,2.9,46.0,44.0,1156.0,Obama +2,2.0,2012-09-12
694,EPIC-MRA,MI,4.5,47.0,37.0,600.0,Obama +10,10.0,2012-09-10
695,PPP (D),MI,3.4,51.0,44.0,1001.0,Obama +7,7.0,2012-09-01
696,EPIC-MRA,MI,2.6,49.0,46.0,1200.0,Obama +3,3.0,2012-08-28
697,Mitchell Research,MI,2.7,47.0,47.0,1277.0,Tie,0.0,2012-08-23
698,Detroit News,MI,4.0,48.0,42.0,600.0,Obama +6,6.0,2012-08-19
699,Baydoun/Foster (D),MI,2.4,44.0,48.0,1733.0,Romney +4,-4.0,2012-08-16
700,Mitchell Research,MI,3.0,49.0,44.0,1079.0,Obama +5,5.0,2012-08-13
701,EPIC-MRA,MI,4.0,48.0,42.0,600.0,Obama +6,6.0,2012-07-28
702,Rasmussen Reports,MI,4.5,48.0,42.0,500.0,Obama +6,6.0,2012-07-23
703,Mitchell Research,MI,3.4,44.0,45.0,825.0,Romney +1,-1.0,2012-07-23
704,PPP (D),MI,4.1,53.0,39.0,579.0,Obama +14,14.0,2012-07-22
705,NBC News/Marist,MI,3.0,47.0,43.0,1078.0,Obama +4,4.0,2012-06-25
706,Mitchell Research,MI,3.6,47.0,46.0,750.0,Obama +1,1.0,2012-06-18
707,WeAskAmerica,MI,3.1,43.0,45.0,1010.0,Romney +2,-2.0,2012-06-18
708,Rasmussen Reports,MI,4.5,50.0,42.0,500.0,Obama +8,8.0,2012-06-14
709,Baydoun/Foster (D),MI,2.3,47.0,46.0,1783.0,Obama +1,1.0,2012-06-12
710,EPIC-MRA,MI,4.0,45.0,46.0,600.0,Romney +1,-1.0,2012-06-04
711,PPP (D),MI,4.4,53.0,39.0,500.0,Obama +14,14.0,2012-05-26
712,Glengariff Group (R),MI,4.0,45.0,40.0,600.0,Obama +5,5.0,2012-05-11
713,EPIC-MRA,MI,4.0,47.0,43.0,600.0,Obama +4,4.0,2012-04-02
714,MRG,MI,4.0,49.0,42.0,600.0,Obama +7,7.0,2012-03-17
715,NBC News/Marist,MI,2.5,51.0,33.0,1546.0,Obama +18,18.0,2012-02-20
716,PPP (D),MI,4.1,54.0,38.0,560.0,Obama +16,16.0,2012-02-11
717,EPIC-MRA,MI,4.0,48.0,40.0,600.0,Obama +8,8.0,2012-01-23
718,EPIC-MRA,MI,4.0,41.0,46.0,600.0,Romney +5,-5.0,2011-11-15
719,SurveyUSA,MI,4.5,50.0,39.0,500.0,Obama +11,11.0,2012-10-13
720,Inside MI Politcs/MRG,MI,4.0,44.0,44.0,600.0,Tie,0.0,2012-09-17
721,PPP (D),MI,4.0,47.0,42.0,593.0,Obama +5,5.0,2011-07-23
722,EPIC-MRA,MI,4.0,42.0,46.0,600.0,Romney +4,-4.0,2011-07-10
723,PPP (D),MI,4.4,48.0,41.0,502.0,Obama +7,7.0,2011-03-19
724,EPIC-MRA,MI,4.0,41.0,46.0,600.0,Romney +5,-5.0,2011-02-15
725,PPP (D),MI,2.8,47.0,43.0,1224.0,Obama +4,4.0,2010-12-05
726,Mason-Dixon,MT,4.0,42.0,51.0,625.0,Romney +9,-9.0,2012-09-18
727,PPP (D),MT,3.8,45.0,50.0,656.0,Romney +5,-5.0,2012-09-11
728,Rasmussen Reports,MT,4.5,38.0,55.0,500.0,Romney +17,-17.0,2012-08-20
729,Rasmussen Reports,MT,4.5,42.0,51.0,500.0,Romney +9,-9.0,2012-06-18
730,Rasmussen Reports,MT,5.0,44.0,51.0,450.0,Romney +7,-7.0,2012-05-02
731,PPP (D),MT,3.2,43.0,48.0,934.0,Romney +5,-5.0,2012-04-28
732,Rasmussen Reports,MT,4.5,40.0,49.0,500.0,Romney +9,-9.0,2012-04-02
733,Rasmussen Reports,MT,4.5,41.0,48.0,500.0,Romney +7,-7.0,2012-02-22
734,PPP (D),MT,2.4,40.0,50.0,1625.0,Romney +10,-10.0,2011-11-29
735,PPP (D),MT,3.4,41.0,49.0,819.0,Romney +8,-8.0,2011-06-18
736,PPP (D),MT,2.9,39.0,50.0,1176.0,Romney +11,-11.0,2010-11-12
737,PPP (D),MS,3.5,36.0,54.0,796.0,Romney +18,-18.0,2011-11-05
738,PPP (D),MS,3.4,40.0,46.0,817.0,Romney +6,-6.0,2011-03-26
